{"cameraMode":{"drawMode":0,"name":"Shaded","section":"Shading Mode"},"sceneLighting":false,"audioPlay":false,"sceneViewState":{"showFog":true,"showMaterialUpdate":true,"showSkybox":false,"showFlares":true,"showImageEffects":true,"showParticleSystems":true},"in2DMode":false,"pivot":{"x":32.71631622314453,"y":-39.480499267578128,"z":41.70000076293945},"rotation":{"x":0.2852812707424164,"y":0.05602387711405754,"z":-0.016706543043255807,"w":0.9566592574119568},"size":22.0,"orthographic":false}