{"cameraMode":{"drawMode":0,"name":"Shaded","section":"Shading Mode"},"sceneLighting":false,"audioPlay":false,"sceneViewState":{"showFog":true,"showMaterialUpdate":true,"showSkybox":false,"showFlares":true,"showImageEffects":true,"showParticleSystems":true},"in2DMode":false,"pivot":{"x":-1.6349999904632569,"y":0.0,"z":5.760000228881836},"rotation":{"x":-0.2534499168395996,"y":-0.04381994903087616,"z":0.011493691243231297,"w":-0.9662871956825256},"size":1.9540488719940186,"orthographic":false}