{"cameraMode":{"drawMode":0,"name":"Shaded","section":"Shading Mode"},"sceneLighting":true,"audioPlay":false,"sceneViewState":{"showFog":true,"showMaterialUpdate":true,"showSkybox":true,"showFlares":true,"showImageEffects":true,"showParticleSystems":true},"in2DMode":false,"pivot":{"x":31.95220947265625,"y":188.11868286132813,"z":-247.08657836914063},"rotation":{"x":-0.045920439064502719,"y":0.7131540775299072,"z":0.04692568629980087,"w":0.697925865650177},"size":672.2955322265625,"orthographic":false}