{"cameraMode":{"drawMode":0,"name":"Shaded","section":"Shading Mode"},"sceneLighting":false,"audioPlay":false,"sceneViewState":{"showFog":true,"showMaterialUpdate":true,"showSkybox":false,"showFlares":true,"showImageEffects":true,"showParticleSystems":true},"in2DMode":false,"pivot":{"x":311.58099365234377,"y":175.14955139160157,"z":97.5284194946289},"rotation":{"x":0.14342021942138673,"y":0.13141772150993348,"z":-0.01921904645860195,"w":0.9807093143463135},"size":162.56480407714845,"orthographic":false}