{"cameraMode":{"drawMode":0,"name":"Shaded","section":"Shading Mode"},"sceneLighting":false,"audioPlay":false,"sceneViewState":{"showFog":true,"showMaterialUpdate":true,"showSkybox":false,"showFlares":true,"showImageEffects":true,"showParticleSystems":true},"in2DMode":false,"pivot":{"x":29.460926055908204,"y":2.7779481410980226,"z":3.7201993465423586},"rotation":{"x":0.2304685264825821,"y":0.33168670535087588,"z":-0.08391309529542923,"w":0.9109482765197754},"size":4.373733997344971,"orthographic":false}