{"cameraMode":{"drawMode":0,"name":"Shaded","section":"Shading Mode"},"sceneLighting":false,"audioPlay":false,"sceneViewState":{"showFog":true,"showMaterialUpdate":true,"showSkybox":false,"showFlares":true,"showImageEffects":true,"showParticleSystems":true},"in2DMode":false,"pivot":{"x":1.166123390197754,"y":4.155325412750244,"z":-14.919921875},"rotation":{"x":0.2852812707424164,"y":0.05602387711405754,"z":-0.016706543043255807,"w":0.9566592574119568},"size":14.289420127868653,"orthographic":false}